Employee,Username,Password,,,,,,,
10001,admin,password,,,,,,,
10002,admin,password,,,,,,,
10003,admin,password,,,,,,,
10004,admin,password,,,,,,,
10005,admin,password,,,,,,,
10006,admin,password,,,,,,,
10007,admin,password,,,,,,,
10008,admin,password,,,,,,,
10009,admin,password,,,,,,,
10010,admin,password,,,,,,,
10011,admin,password,,,,,,,
10012,admin,password,,,,,,,
10013,admin,password,,,,,,,
10014,admin,password,,,,,,,
10015,admin,password,,,,,,,
10016,admin,password,,,,,,,
10017,admin,password,,,,,,,
10018,admin,password,,,,,,,
10019,admin,password,,,,,,,
10020,admin,password,,,,,,,
10021,admin,password,,,,,,,
10022,admin,password,,,,,,,
10023,admin,password,,,,,,,
10024,admin,password,,,,,,,
10025,admin,password,,,,,,,
10026,admin,password,,,,,,,
10027,admin,password,,,,,,,
10028,admin,password,,,,,,,
10029,admin,password,,,,,,,
10030,admin,password,,,,,,,
10031,admin,password,,,,,,,
10032,admin,password,,,,,,,
10033,admin,password,,,,,,,
10034,admin,password,,,,,,,
